{
  "('high', -1)|decrease": 0.03766335999999999,
  "('high', 1)|decrease": -0.009999999999999998
}